wvl (um);n ;k
0.35;2.084035;0.001452
0.355;2.084035;0.001919
0.36;2.084035;0.002354
0.365;2.084035;0.002758
0.37;2.084035;0.003134
0.375;2.084035;0.003485
0.38;2.084035;0.003812
0.385;2.084035;0.004117
0.39;2.084035;0.004403
0.395;2.084035;0.004670
0.4;2.084035;0.004919
0.405;2.084035;0.005153
0.41;2.084035;0.005373
0.415;2.084035;0.005578
0.42;2.084035;0.005771
0.425;2.084035;0.005952
0.43;2.084035;0.006123
0.435;2.084035;0.006283
0.44;2.084035;0.006434
0.445;2.084035;0.006575
0.45;2.084035;0.006709
0.455;2.084035;0.006835
0.46;2.084035;0.006954
0.465;2.084035;0.007066
0.47;2.084035;0.007172
0.475;2.084035;0.007272
0.48;2.084035;0.007367
0.485;2.084035;0.007456
0.49;2.084035;0.007540
0.495;2.084035;0.007621
0.5;2.084035;0.007696
0.505;2.084035;0.007768
0.51;2.084035;0.007836
0.515;2.084035;0.007901
0.52;2.084035;0.007962
0.525;2.084035;0.008020
0.53;2.084035;0.008075
0.535;2.084035;0.008127
0.54;2.084035;0.008177
0.545;2.084035;0.008224
0.55;2.084035;0.008269
0.555;2.084035;0.008312
0.56;2.084035;0.008353
0.565;2.084035;0.008391
0.57;2.084035;0.008428
0.575;2.084035;0.008463
0.58;2.084035;0.008497
0.585;2.084035;0.008529
0.59;2.084035;0.008559
0.595;2.084035;0.008588
0.6;2.084035;0.008616
0.605;2.084035;0.008642
0.61;2.084035;0.008667
0.615;2.084035;0.008691
0.62;2.084035;0.008714
0.625;2.084035;0.008736
0.63;2.084035;0.008757
0.635;2.084035;0.008777
0.64;2.084035;0.008796
0.645;2.084035;0.008814
0.65;2.084035;0.008832
0.655;2.084035;0.008848
0.66;2.084035;0.008864
0.665;2.084035;0.008879
0.67;2.084035;0.008894
0.675;2.084035;0.008908
0.68;2.084035;0.008921
0.685;2.084035;0.008934
0.69;2.084035;0.008947
0.695;2.084035;0.008958
0.7;2.084035;0.008970
0.705;2.084035;0.008980
0.71;2.084035;0.008991
0.715;2.084035;0.009001
0.72;2.084035;0.009010
0.725;2.084035;0.009019
0.73;2.084035;0.009028
0.735;2.084035;0.009036
0.74;2.084035;0.009044
0.745;2.084035;0.009052
0.75;2.084035;0.009059
0.755;2.084035;0.009066
0.76;2.084035;0.009073
0.765;2.084035;0.009080
0.77;2.084035;0.009086
0.775;2.084035;0.009092
0.78;2.084035;0.009098
0.785;2.084035;0.009103
0.79;2.084035;0.009109
0.795;2.084035;0.009114
0.8;2.084035;0.009119
0.805;2.084035;0.009123
0.81;2.084035;0.009128
0.815;2.084035;0.009132
0.82;2.084035;0.009136
0.825;2.084035;0.009140
0.83;2.084035;0.009144
0.835;2.084035;0.009148
0.84;2.084035;0.009151
0.845;2.084035;0.009155
0.85;2.084035;0.009158
0.855;2.084035;0.009161
0.86;2.084035;0.009164
0.865;2.084035;0.009167
0.87;2.084035;0.009170
0.875;2.084035;0.009172
0.88;2.084035;0.009175
0.885;2.084035;0.009177
0.89;2.084035;0.009180
0.895;2.084035;0.009182
0.9;2.084035;0.009184
0.905;2.084035;0.009186
0.91;2.084035;0.009188
0.915;2.084035;0.009190
0.92;2.084035;0.009192
0.925;2.084035;0.009194
0.93;2.084035;0.009195
0.935;2.084035;0.009197
0.94;2.084035;0.009198
0.945;2.084035;0.009200
0.95;2.084035;0.009201
0.955;2.084035;0.009203
0.96;2.084035;0.009204
0.965;2.084035;0.009205
0.97;2.084035;0.009206
0.975;2.084035;0.009208
0.98;2.084035;0.009209
0.985;2.084035;0.009210
0.99;2.084035;0.009211
0.995;2.084035;0.009212
1;2.084035;0.009213
1.005;2.084035;0.009213
1.01;2.084035;0.009214
1.015;2.084035;0.009215
1.02;2.084035;0.009216
1.025;2.084035;0.009216
1.03;2.084035;0.009217
1.035;2.084035;0.009218
1.04;2.084035;0.009218
1.045;2.084035;0.009219
1.05;2.084035;0.009220
1.055;2.084035;0.009220
1.06;2.084035;0.009221
1.065;2.084035;0.009221
1.07;2.084035;0.009222
1.075;2.084035;0.009222
1.08;2.084035;0.009222
1.085;2.084035;0.009223
1.09;2.084035;0.009223
1.095;2.084035;0.009223
1.1;2.084035;0.009224
1.105;2.084035;0.009224
1.11;2.084035;0.009224
1.115;2.084035;0.009225
1.12;2.084035;0.009225
1.125;2.084035;0.009225
1.13;2.084035;0.009225
1.135;2.084035;0.009225
1.14;2.084035;0.009226
1.145;2.084035;0.009226
1.15;2.084035;0.009226
1.155;2.084035;0.009226
1.16;2.084035;0.009226
1.165;2.084035;0.009226
1.17;2.084035;0.009226
1.175;2.084035;0.009226
1.18;2.084035;0.009227
1.185;2.084035;0.009227
1.19;2.084035;0.009227
1.195;2.084035;0.009227
1.2;2.084035;0.009227
1.205;2.084035;0.009227
1.21;2.084035;0.009227
1.215;2.084035;0.009227
1.22;2.084035;0.009227
1.225;2.084035;0.009227
1.23;2.084035;0.009227
1.235;2.084035;0.009227
1.24;2.084035;0.009227
1.245;2.084035;0.009227
1.25;2.084035;0.009227
1.255;2.084035;0.009226
1.26;2.084035;0.009226
1.265;2.084035;0.009226
1.27;2.084035;0.009226
1.275;2.084035;0.009226
1.28;2.084035;0.009226
1.285;2.084035;0.009226
1.29;2.084035;0.009226
1.295;2.084035;0.009226
1.3;2.084035;0.009226
1.305;2.084035;0.009226
1.31;2.084035;0.009225
1.315;2.084035;0.009225
1.32;2.084035;0.009225
1.325;2.084035;0.009225
1.33;2.084035;0.009225
1.335;2.084035;0.009225
1.34;2.084035;0.009225
1.345;2.084035;0.009225
1.35;2.084035;0.009224
1.355;2.084035;0.009224
1.36;2.084035;0.009224
1.365;2.084035;0.009224
1.37;2.084035;0.009224
1.375;2.084035;0.009224
1.38;2.084035;0.009223
1.385;2.084035;0.009223
1.39;2.084035;0.009223
1.395;2.084035;0.009223
1.4;2.084035;0.009223
1.405;2.084035;0.009223
1.41;2.084035;0.009222
1.415;2.084035;0.009222
1.42;2.084035;0.009222
1.425;2.084035;0.009222
1.43;2.084035;0.009222
1.435;2.084035;0.009222
1.44;2.084035;0.009221
1.445;2.084035;0.009221
1.45;2.084035;0.009221
1.455;2.084035;0.009221
1.46;2.084035;0.009221
1.465;2.084035;0.009220
1.47;2.084035;0.009220
1.475;2.084035;0.009220
1.48;2.084035;0.009220
1.485;2.084035;0.009220
1.49;2.084035;0.009219
1.495;2.084035;0.009219
1.5;2.084035;0.009219
1.505;2.084035;0.009219
1.51;2.084035;0.009219
1.515;2.084035;0.009218
1.52;2.084035;0.009218
1.525;2.084035;0.009218
1.53;2.084035;0.009218
1.535;2.084035;0.009218
1.54;2.084035;0.009218
1.545;2.084035;0.009217
1.55;2.084035;0.009217
1.555;2.084035;0.009217
1.56;2.084035;0.009217
1.565;2.084035;0.009217
1.57;2.084035;0.009216
1.575;2.084035;0.009216
1.58;2.084035;0.009216
1.585;2.084035;0.009216
1.59;2.084035;0.009216
1.595;2.084035;0.009215
1.6;2.084035;0.009215
