wvl (um);n;k
0.3;1.505244;0.000000
0.305;1.502571;0.000000
0.31;1.500093;0.000000
0.315;1.497791;0.000000
0.32;1.495650;0.000000
0.325;1.493657;0.000000
0.33;1.491799;0.000000
0.335;1.490065;0.000000
0.34;1.488444;0.000000
0.345;1.486927;0.000000
0.35;1.485506;0.000000
0.355;1.484174;0.000000
0.36;1.482924;0.000000
0.365;1.481749;0.000000
0.37;1.480644;0.000000
0.375;1.479603;0.000000
0.38;1.478623;0.000000
0.385;1.477698;0.000000
0.39;1.476824;0.000000
0.395;1.475999;0.000000
0.4;1.475219;0.000000
0.405;1.474480;0.000000
0.41;1.473780;0.000000
0.415;1.473117;0.000000
0.42;1.472487;0.000000
0.425;1.471890;0.000000
0.43;1.471322;0.000000
0.435;1.470782;0.000000
0.44;1.470268;0.000000
0.445;1.469779;0.000000
0.45;1.469313;0.000000
0.455;1.468868;0.000000
0.46;1.468444;0.000000
0.465;1.468040;0.000000
0.47;1.467653;0.000000
0.475;1.467283;0.000000
0.48;1.466930;0.000000
0.485;1.466592;0.000000
0.49;1.466268;0.000000
0.495;1.465958;0.000000
0.5;1.465661;0.000000
0.505;1.465376;0.000000
0.51;1.465102;0.000000
0.515;1.464840;0.000000
0.52;1.464588;0.000000
0.525;1.464346;0.000000
0.53;1.464113;0.000000
0.535;1.463889;0.000000
0.54;1.463673;0.000000
0.545;1.463466;0.000000
0.55;1.463266;0.000000
0.555;1.463074;0.000000
0.56;1.462888;0.000000
0.565;1.462710;0.000000
0.57;1.462537;0.000000
0.575;1.462371;0.000000
0.58;1.462210;0.000000
0.585;1.462055;0.000000
0.59;1.461905;0.000000
0.595;1.461760;0.000000
0.6;1.461620;0.000000
0.605;1.461485;0.000000
0.61;1.461354;0.000000
0.615;1.461227;0.000000
0.62;1.461104;0.000000
0.625;1.460985;0.000000
0.63;1.460870;0.000000
0.635;1.460758;0.000000
0.64;1.460650;0.000000
0.645;1.460545;0.000000
0.65;1.460444;0.000000
0.655;1.460345;0.000000
0.66;1.460249;0.000000
0.665;1.460156;0.000000
0.67;1.460066;0.000000
0.675;1.459978;0.000000
0.68;1.459893;0.000000
0.685;1.459810;0.000000
0.69;1.459730;0.000000
0.695;1.459651;0.000000
0.7;1.459575;0.000000
0.705;1.459501;0.000000
0.71;1.459429;0.000000
0.715;1.459359;0.000000
0.72;1.459291;0.000000
0.725;1.459224;0.000000
0.73;1.459159;0.000000
0.735;1.459096;0.000000
0.74;1.459035;0.000000
0.745;1.458975;0.000000
0.75;1.458917;0.000000
0.755;1.458860;0.000000
0.76;1.458804;0.000000
0.765;1.458750;0.000000
0.77;1.458697;0.000000
0.775;1.458646;0.000000
0.78;1.458595;0.000000
0.785;1.458546;0.000000
0.79;1.458498;0.000000
0.795;1.458451;0.000000
0.8;1.458406;0.000000
0.805;1.458361;0.000000
0.81;1.458317;0.000000
0.815;1.458275;0.000000
0.82;1.458233;0.000000
0.825;1.458192;0.000000
0.83;1.458152;0.000000
0.835;1.458113;0.000000
0.84;1.458075;0.000000
0.845;1.458038;0.000000
0.85;1.458001;0.000000
0.855;1.457965;0.000000
0.86;1.457930;0.000000
0.865;1.457896;0.000000
0.87;1.457863;0.000000
0.875;1.457830;0.000000
0.88;1.457798;0.000000
0.885;1.457766;0.000000
0.89;1.457735;0.000000
0.895;1.457705;0.000000
0.9;1.457675;0.000000
0.905;1.457646;0.000000
0.91;1.457618;0.000000
0.915;1.457590;0.000000
0.92;1.457563;0.000000
0.925;1.457536;0.000000
0.93;1.457510;0.000000
0.935;1.457484;0.000000
0.94;1.457459;0.000000
0.945;1.457434;0.000000
0.95;1.457409;0.000000
0.955;1.457385;0.000000
0.96;1.457362;0.000000
0.965;1.457339;0.000000
0.97;1.457316;0.000000
0.975;1.457294;0.000000
0.98;1.457272;0.000000
0.985;1.457251;0.000000
0.99;1.457230;0.000000
0.995;1.457209;0.000000
1;1.457189;0.000000
1.005;1.457169;0.000000
1.01;1.457149;0.000000
1.015;1.457130;0.000000
1.02;1.457111;0.000000
1.025;1.457093;0.000000
1.03;1.457075;0.000000
1.035;1.457057;0.000000
1.04;1.457039;0.000000
1.045;1.457022;0.000000
1.05;1.457004;0.000000
1.055;1.456988;0.000000
1.06;1.456971;0.000000
1.065;1.456955;0.000000
1.07;1.456939;0.000000
1.075;1.456923;0.000000
1.08;1.456908;0.000000
1.085;1.456892;0.000000
1.09;1.456878;0.000000
1.095;1.456863;0.000000
1.1;1.456848;0.000000
1.105;1.456834;0.000000
1.11;1.456820;0.000000
1.115;1.456806;0.000000
1.12;1.456792;0.000000
1.125;1.456779;0.000000
1.13;1.456766;0.000000
1.135;1.456753;0.000000
1.14;1.456740;0.000000
1.145;1.456727;0.000000
1.15;1.456715;0.000000
1.155;1.456703;0.000000
1.16;1.456691;0.000000
1.165;1.456679;0.000000
1.17;1.456667;0.000000
1.175;1.456655;0.000000
1.18;1.456644;0.000000
1.185;1.456633;0.000000
1.19;1.456622;0.000000
1.195;1.456611;0.000000
1.2;1.456600;0.000000
1.205;1.456589;0.000000
1.21;1.456579;0.000000
1.215;1.456569;0.000000
1.22;1.456559;0.000000
1.225;1.456549;0.000000
1.23;1.456539;0.000000
1.235;1.456529;0.000000
1.24;1.456519;0.000000
1.245;1.456510;0.000000
1.25;1.456500;0.000000
1.255;1.456491;0.000000
1.26;1.456482;0.000000
1.265;1.456473;0.000000
1.27;1.456464;0.000000
1.275;1.456455;0.000000
1.28;1.456447;0.000000
1.285;1.456438;0.000000
1.29;1.456430;0.000000
1.295;1.456422;0.000000
1.3;1.456413;0.000000
1.305;1.456405;0.000000
1.31;1.456397;0.000000
1.315;1.456390;0.000000
1.32;1.456382;0.000000
1.325;1.456374;0.000000
1.33;1.456366;0.000000
1.335;1.456359;0.000000
1.34;1.456352;0.000000
1.345;1.456344;0.000000
1.35;1.456337;0.000000
1.355;1.456330;0.000000
1.36;1.456323;0.000000
1.365;1.456316;0.000000
1.37;1.456309;0.000000
1.375;1.456302;0.000000
1.38;1.456295;0.000000
1.385;1.456289;0.000000
1.39;1.456282;0.000000
1.395;1.456276;0.000000
1.4;1.456269;0.000000
1.405;1.456263;0.000000
1.41;1.456257;0.000000
1.415;1.456251;0.000000
1.42;1.456245;0.000000
1.425;1.456239;0.000000
1.43;1.456233;0.000000
1.435;1.456227;0.000000
1.44;1.456221;0.000000
1.445;1.456215;0.000000
1.45;1.456209;0.000000
1.455;1.456204;0.000000
1.46;1.456198;0.000000
1.465;1.456193;0.000000
1.47;1.456187;0.000000
1.475;1.456182;0.000000
1.48;1.456177;0.000000
1.485;1.456171;0.000000
1.49;1.456166;0.000000
1.495;1.456161;0.000000
1.5;1.456156;0.000000
1.505;1.456151;0.000000
1.51;1.456146;0.000000
1.515;1.456141;0.000000
1.52;1.456136;0.000000
1.525;1.456131;0.000000
1.53;1.456126;0.000000
1.535;1.456122;0.000000
1.54;1.456117;0.000000
1.545;1.456112;0.000000
1.55;1.456108;0.000000
1.555;1.456103;0.000000
1.56;1.456099;0.000000
1.565;1.456094;0.000000
1.57;1.456090;0.000000
1.575;1.456086;0.000000
1.58;1.456081;0.000000
1.585;1.456077;0.000000
1.59;1.456073;0.000000
1.595;1.456069;0.000000
1.6;1.456065;0.000000
