Wavelength [m],Power [dB]
1.52e-06,-7.371993092741683e-07
1.5200250000000001e-06,-5.746403288373242e-07
1.5200500000000004e-06,-3.372344406065714e-06
1.5200750000000004e-06,-8.998028585416485e-06
1.5201000000000005e-06,-1.7129215567635057e-05
1.5201250000000005e-06,-2.7272589466358028e-05
1.5201500000000006e-06,-3.8794872551247186e-05
1.5201750000000007e-06,-5.096347120949184e-05
1.520200000000001e-06,-6.299417246615383e-05
1.520225000000001e-06,-7.410276248356338e-05
1.520250000000001e-06,-8.355729402221153e-05
1.520275000000001e-06,-9.072746029248628e-05
1.5203000000000011e-06,-9.512779865067958e-05
1.5203250000000012e-06,-9.645157061029614e-05
1.5203500000000015e-06,-9.459341304412862e-05
1.5203750000000015e-06,-8.965850541664511e-05
1.5204000000000016e-06,-8.195814383854474e-05
1.5204250000000016e-06,-7.199132368017439e-05
1.5204500000000017e-06,-6.0413786651202686e-05
1.5204750000000017e-06,-4.799606098698138e-05
1.520500000000002e-06,-3.5573635684375296e-05
1.520525000000002e-06,-2.399209427980947e-05
1.5205500000000021e-06,-1.4050906479565861e-05
1.5205750000000022e-06,-6.4497301935595305e-06
1.5206000000000022e-06,-1.7407426241898795e-06
1.5206250000000023e-06,-2.9014858879665016e-07
1.5206500000000025e-06,-2.2516294513612875e-06
1.5206750000000026e-06,-7.553731522716759e-06
1.5207000000000027e-06,-1.590194747442382e-05
1.5207250000000027e-06,-2.6795759404204895e-05
1.5207500000000028e-06,-3.955948872198332e-05
1.5207750000000028e-06,-5.3385308390072354e-05
1.520800000000003e-06,-6.738537802106467e-05
1.5208250000000031e-06,-8.065001241867298e-05
1.5208500000000032e-06,-9.230794924453597e-05
1.5208750000000032e-06,-0.00010158481119239086
1.5209000000000033e-06,-0.0001078557588802985
1.5209250000000034e-06,-0.00011068881906254009
1.5209500000000036e-06,-0.00010987595667152587
1.5209750000000037e-06,-0.00010544961200537116
1.5210000000000037e-06,-9.768337977272216e-05
1.5210250000000038e-06,-8.707673048274777e-05
1.5210500000000038e-06,-7.432448999136724e-05
1.5210750000000041e-06,-6.0272997315975594e-05
1.5211000000000042e-06,-4.586559057432576e-05
1.5211250000000042e-06,-3.208101614538616e-05
1.5211500000000043e-06,-1.98687687242347e-05
1.5211750000000043e-06,-1.0085501513850369e-05
1.5212000000000044e-06,-3.436889558438554e-06
1.5212250000000047e-06,-4.2877284525291503e-07
1.5212500000000047e-06,-1.331021946733101e-06
1.5212750000000048e-06,-6.156638957988495e-06
1.5213000000000048e-06,-1.4657679817505829e-05
1.5213250000000049e-06,-2.633845308703714e-05
1.521350000000005e-06,-4.0485481962118845e-05
1.5213750000000052e-06,-5.621211330428597e-05
1.5214000000000052e-06,-7.251537847952907e-05
1.5214250000000053e-06,-8.834138212401238e-05
1.5214500000000054e-06,-0.00010265463404761076
1.5214750000000054e-06,-0.00011450737048953146
1.5215000000000055e-06,-0.0001231036746386017
1.5215250000000057e-06,-0.00012785456695131687
1.5215500000000058e-06,-0.00012841982743815148
1.5215750000000058e-06,-0.00012473404212718874
1.521600000000006e-06,-0.00011701464407108642
1.521625000000006e-06,-0.00010575119618450943
1.521650000000006e-06,-9.167658532916663e-05
1.5216750000000063e-06,-7.572159084132918e-05
1.5217000000000063e-06,-5.895565304134716e-05
1.5217250000000064e-06,-4.251769319183904e-05
1.5217500000000064e-06,-2.754137253528273e-05
1.5217750000000065e-06,-1.507959028858944e-05
1.5218000000000065e-06,-6.033441662390643e-06
1.5218250000000068e-06,-1.0901384368262076e-06
1.5218500000000069e-06,-6.743119760042812e-07
1.521875000000007e-06,-4.916220317581771e-06
1.521900000000007e-06,-1.3638686607208291e-05
1.521925000000007e-06,-2.636475345279723e-05
1.521950000000007e-06,-4.234478461569365e-05
1.5219750000000074e-06,-6.060259526502651e-05
1.5220000000000074e-06,-7.999673291936414e-05
1.5220250000000075e-06,-9.929399403914126e-05
1.5220500000000075e-06,-0.00011724987171768548
1.5220750000000076e-06,-0.00013269076577313339
1.5221000000000078e-06,-0.00014459300864812534
1.522125000000008e-06,-0.0001521527407972189
1.522150000000008e-06,-0.0001548424356677671
1.522175000000008e-06,-0.00015244981635579162
1.522200000000008e-06,-0.00014509647727913044
1.5222250000000081e-06,-0.00013323473001668873
1.5222500000000084e-06,-0.00011762244526671782
1.5222750000000084e-06,-9.927726617308492e-05
1.5223000000000085e-06,-7.941304815265793e-05
1.5223250000000085e-06,-5.936235163526342e-05
1.5223500000000086e-06,-4.048989601600677e-05
1.5223750000000087e-06,-2.4102674141397268e-05
1.522400000000009e-06,-1.1362580201142265e-05
1.522425000000009e-06,-3.2073434773584997e-06
1.522450000000009e-06,-2.850428915947735e-07
1.522475000000009e-06,-2.9071006118033848e-06
1.5225000000000091e-06,-1.1022433664282748e-05
1.5225250000000092e-06,-2.421578816740049e-05
1.5225500000000095e-06,-4.17294815950763e-05
1.5225750000000095e-06,-6.250884191240109e-05
1.5226000000000096e-06,-8.526737693296171e-05
1.5226250000000096e-06,-0.00010856860996723248
1.5226500000000097e-06,-0.0001309189631585217
1.5226750000000097e-06,-0.00015086574898624813
1.52270000000001e-06,-0.00016709411851979495
1.52272500000001e-06,-0.00017851610110650138
1.5227500000000101e-06,-0.0001843461809300504
1.5227750000000102e-06,-0.00018415795001812467
1.5228000000000102e-06,-0.00017791791217684354
1.5228250000000103e-06,-0.0001659936916070161
1.5228500000000105e-06,-0.00014913597540487802
1.5228750000000106e-06,-0.0001284348332758071
1.5229000000000107e-06,-0.00010525278928862333
1.5229250000000107e-06,-8.113885077406839e-05
1.5229500000000108e-06,-5.7728958367224955e-05
1.5229750000000108e-06,-3.6638966944329656e-05
1.523000000000011e-06,-1.935733219221146e-05
1.5230250000000111e-06,-7.144407357411414e-06
1.5230500000000112e-06,-9.45431041891014e-07
1.5230750000000112e-06,-1.3226847290864099e-06
1.5231000000000113e-06,-8.412118982673139e-06
1.5231250000000116e-06,-2.1907413534646927e-05
1.5231500000000116e-06,-4.1072930784031246e-05
1.5231750000000117e-06,-6.478557709224415e-05
1.5232000000000117e-06,-9.16026778259471e-05
1.5232250000000118e-06,-0.00011985229372965521
1.5232500000000118e-06,-0.00014774025313781373
1.5232750000000121e-06,-0.0001734668395474964
1.5233000000000122e-06,-0.00019534605224247727
1.5233250000000122e-06,-0.0002119192301556766
1.5233500000000123e-06,-0.00022205558673817825
1.5233750000000123e-06,-0.00022503278105098182
1.5234000000000124e-06,-0.00022059193629072127
1.5234250000000127e-06,-0.00020896288450763075
1.5234500000000127e-06,-0.00019085762817672814
1.5234750000000128e-06,-0.00016743176715135975
1.5235000000000128e-06,-0.0001402159113972466
1.5235250000000129e-06,-0.00011102119638641037
1.523550000000013e-06,-8.182444234609395e-05
1.5235750000000132e-06,-5.464038172382872e-05
1.5236000000000132e-06,-3.1389017831451675e-05
1.5236250000000133e-06,-1.3766966492382223e-05
1.5236500000000134e-06,-3.1308881677663703e-06
1.5236750000000134e-06,-4.0166270893324585e-07
1.5237000000000135e-06,-5.995273937764667e-06
1.5237250000000137e-06,-1.9785838645430568e-05
1.5237500000000138e-06,-4.110378026015444e-05
1.5237750000000138e-06,-6.876981372262878e-05
1.523800000000014e-06,-0.00010116320917238337
1.523825000000014e-06,-0.00013632043385081893
1.523850000000014e-06,-0.0001720583005840204
1.5238750000000143e-06,-0.00020611391954658448
1.5239000000000143e-06,-0.00023629249319249052
1.5239250000000144e-06,-0.0002606134918842909
1.5239500000000144e-06,-0.00027744543318290597
1.5239750000000145e-06,-0.0002856202634669641
1.5240000000000145e-06,-0.0002845194019102499
1.5240250000000148e-06,-0.000274125325737361
1.5240500000000149e-06,-0.0002550343737491112
1.524075000000015e-06,-0.00022842970627439698
1.524100000000015e-06,-0.00019601472450931528
1.524125000000015e-06,-0.00015991118976000718
1.524150000000015e-06,-0.00012252770111206314
1.5241750000000154e-06,-8.640667127404613e-05
1.5242000000000154e-06,-5.4059373563156915e-05
1.5242250000000155e-06,-2.7799985396644062e-05
1.5242500000000155e-06,-9.58886861923474e-06
1.5242750000000156e-06,-8.964213816637712e-07
1.5243000000000158e-06,-2.5961341922856e-06
1.524325000000016e-06,-1.4894918573065788e-05
1.524350000000016e-06,-3.7305871735638464e-05
1.524375000000016e-06,-6.866624125121952e-05
1.524400000000016e-06,-0.00010720012022177449
1.5244250000000161e-06,-0.00015062291082075125
1.5244500000000164e-06,-0.00019628143347979302
1.5244750000000164e-06,-0.00024132112117872232
1.5245000000000165e-06,-0.0002828700245823487
1.5245250000000165e-06,-0.00031822767721380096
1.5245500000000166e-06,-0.0003450469305200499
1.5245750000000167e-06,-0.00036149599241771656
1.524600000000017e-06,-0.00036639040612548293
1.524625000000017e-06,-0.00035928501968351907
1.524650000000017e-06,-0.0003405194636795226
1.524675000000017e-06,-0.000311212924683977
1.5247000000000171e-06,-0.00027320754430593163
1.5247250000000172e-06,-0.00022896306729330745
1.5247500000000175e-06,-0.0001814085845468006
1.5247750000000175e-06,-0.00013375985534731403
1.5248000000000176e-06,-8.931396515192811e-05
1.5248250000000176e-06,-5.123380240142095e-05
1.5248500000000177e-06,-2.2336497408826385e-05
1.5248750000000177e-06,-4.899812927278329e-06
1.524900000000018e-06,-4.99608998925709e-07
1.524925000000018e-06,-9.889604492081934e-06
1.5249500000000181e-06,-3.293263876759568e-05
1.5249750000000182e-06,-6.858883844649054e-05
1.5250000000000182e-06,-0.00011496297976564053
1.5250250000000183e-06,-0.0001694092135244486
1.5250500000000185e-06,-0.00022868772808531525
1.5250750000000186e-06,-0.0002891640903958127
1.5251000000000187e-06,-0.00034703952555362996
1.5251250000000187e-06,-0.00039859734849117677
1.5251500000000188e-06,-0.00044045024430692696
1.5251750000000188e-06,-0.0004697717068599974
1.525200000000019e-06,-0.0004844965436175909
1.5252250000000191e-06,-0.00048347634279640627
1.5252500000000192e-06,-0.00046657851507369305
1.5252750000000192e-06,-0.00043472126788190416
1.5253000000000193e-06,-0.0003898404805705701
1.5253250000000196e-06,-0.0003347887328301327
1.5253500000000196e-06,-0.0002731717827780641
1.5253750000000197e-06,-0.00020913104127685914
1.5254000000000197e-06,-0.00014708533423981565
1.5254250000000198e-06,-9.144743835027954e-05
1.5254500000000198e-06,-4.633346553878521e-05
1.5254750000000201e-06,-1.528391251455515e-05
1.5255000000000202e-06,-1.0148120595403744e-06
1.5255250000000202e-06,-5.216357314835115e-06
1.5255500000000203e-06,-2.8413235927322726e-05
1.5255750000000203e-06,-6.98976010459632e-05
1.5256000000000204e-06,-0.0001277410723175732
1.5256250000000207e-06,-0.00019888718447288174
1.5256500000000207e-06,-0.0002793202446382991
1.5256750000000208e-06,-0.00036430197135927327
1.5257000000000208e-06,-0.0004486621208168529
1.5257250000000209e-06,-0.0005271255681029842
1.525750000000021e-06,-0.0005946557898766314
1.5257750000000212e-06,-0.0006467925372233363
1.5258000000000212e-06,-0.0006799616631261638
1.5258250000000213e-06,-0.0006917360683932135
1.5258500000000214e-06,-0.000681029340039501
1.5258750000000214e-06,-0.0006482076478251567
1.5259000000000215e-06,-0.000595109981204642
1.5259250000000217e-06,-0.0005249728899100484
1.5259500000000218e-06,-0.0004422614820995879
1.5259750000000218e-06,-0.0003524152119137356
1.526000000000022e-06,-0.0002615217992493298
1.526025000000022e-06,-0.00017593889799752532
1.526050000000022e-06,-0.00010188603395355756
1.5260750000000223e-06,-4.5032639977381235e-05
1.5261000000000223e-06,-1.010891831577038e-05
1.5261250000000224e-06,-5.656787355992197e-07
1.5261500000000224e-06,-1.8306549028655652e-05
1.5261750000000225e-06,-6.351292225298885e-05
1.5262000000000225e-06,-0.00013457551501357286
1.5262250000000228e-06,-0.00022814090050766187
1.5262500000000229e-06,-0.0003392732650997148
1.526275000000023e-06,-0.0004617251433818085
1.526300000000023e-06,-0.0005883027099375362
1.526325000000023e-06,-0.0007113053040599083
1.5263500000000233e-06,-0.0008230127748981533
1.5263750000000234e-06,-0.0009161910090405593
1.5264000000000234e-06,-0.0009845832884761555
1.5264250000000235e-06,-0.0010233551336406035
1.5264500000000235e-06,-0.001029462315297216
1.5264750000000236e-06,-0.001001915604044229
1.5265000000000238e-06,-0.0009419211986775662
1.526525000000024e-06,-0.0008528838657433737
1.526550000000024e-06,-0.0007402665969994649
1.526575000000024e-06,-0.0006113117184143946
1.526600000000024e-06,-0.0004746353036035353
1.5266250000000241e-06,-0.00033971687270689725
1.5266500000000244e-06,-0.0002163130380428957
1.5266750000000244e-06,-0.00011383049258401615
1.5267000000000245e-06,-4.0696663202122456e-05
1.5267250000000245e-06,-3.769614843966613e-06
1.5267500000000246e-06,-7.826073854038202e-06
1.5267750000000247e-06,-5.516465785156534e-05
1.526800000000025e-06,-0.00014535414715622218
1.526825000000025e-06,-0.0002751491631382052
1.526850000000025e-06,-0.00043858561832802085
1.526875000000025e-06,-0.0006272569494679467
1.5269000000000251e-06,-0.0008307606931540698
1.5269250000000252e-06,-0.001037293889159879
1.5269500000000255e-06,-0.00123436491129254
1.5269750000000255e-06,-0.001409580921964467
1.5270000000000256e-06,-0.001551463633912716
1.5270250000000256e-06,-0.001650242327164681
1.5270500000000257e-06,-0.0016985722703380477
1.5270750000000257e-06,-0.001692129501588406
1.527100000000026e-06,-0.0016300384065127955
1.527125000000026e-06,-0.0015150969069272133
1.5271500000000261e-06,-0.0013537760063514347
1.5271750000000262e-06,-0.0011559824672559259
1.5272000000000262e-06,-0.0009345887032606385
1.5272250000000263e-06,-0.0007047480332136946
1.5272500000000265e-06,-0.00048302864935814016
1.5272750000000266e-06,-0.0002864118570062513
1.5273000000000267e-06,-0.00013121198695001274
1.5273250000000267e-06,-3.198226494452042e-05
1.5273500000000268e-06,-4.764886382727481e-07
1.527375000000027e-06,-4.473499490324338e-05
1.527400000000027e-06,-0.00016836024335281391
1.5274250000000271e-06,-0.00037003843234112037
1.5274500000000272e-06,-0.0006433502903953509
1.5274750000000272e-06,-0.000976899540320293
1.5275000000000273e-06,-0.0013547672179182253
1.5275250000000276e-06,-0.0017572815677185812
1.5275500000000276e-06,-0.0021620720797269457
1.5275750000000277e-06,-0.0025453573531544023
1.5276000000000277e-06,-0.0028833990452423815
1.5276250000000278e-06,-0.0031540413134056606
1.5276500000000278e-06,-0.003338244600439829
1.5276750000000281e-06,-0.0034215191359917305
1.5277000000000282e-06,-0.0033951634000130375
1.5277250000000282e-06,-0.003257220061001634
1.5277500000000283e-06,-0.003013072974750816
1.5277750000000283e-06,-0.0026756256772903237
1.5278000000000284e-06,-0.002265023385894943
1.5278250000000287e-06,-0.0018079044660925456
1.5278500000000287e-06,-0.001336194740010239
1.5278750000000288e-06,-0.0008854862132220779
1.5279000000000288e-06,-0.0004930691681979305
1.5279250000000289e-06,-0.00019571242201053368
1.527950000000029e-06,-2.730845930560103e-05
1.5279750000000292e-06,-1.651704475542808e-05
1.5280000000000292e-06,-0.00018455031696913213
1.5280250000000293e-06,-0.000543244784363343
1.5280500000000294e-06,-0.0010935589896802836
1.5280750000000294e-06,-0.001824619401723762
1.5281000000000295e-06,-0.0027134146083956125
1.5281250000000297e-06,-0.003725205264918361
1.5281500000000298e-06,-0.004814681905829025
1.5281750000000298e-06,-0.005927861685765661
1.52820000000003e-06,-0.007004673895385571
1.52822500000003e-06,-0.007982143688994631
1.52825000000003e-06,-0.008798047060494446
1.5282750000000303e-06,-0.009394877598218944
1.5283000000000303e-06,-0.00972394200837114
1.5283250000000304e-06,-0.009749383564932074
1.5283500000000304e-06,-0.009451925206907245
1.5283750000000305e-06,-0.008832123899376064
1.5284000000000308e-06,-0.007912937530862313
1.5284250000000308e-06,-0.006741423906564613
1.5284500000000309e-06,-0.005389417129137156
1.528475000000031e-06,-0.003953062548070516
1.528500000000031e-06,-0.0025511335718853235
1.528525000000031e-06,-0.001322104348439742
1.5285500000000313e-06,-0.0004200085921174509
1.5285750000000314e-06,-9.176871482585191e-06
1.5286000000000314e-06,-0.0002580083572029196
1.5286250000000315e-06,-0.0013319964587729678
1.5286500000000315e-06,-0.003386285586215805
1.5286750000000316e-06,-0.006558085329031021
1.5287000000000318e-06,-0.01095930157571848
1.528725000000032e-06,-0.016669759236062072
1.528750000000032e-06,-0.023731382634121532
1.528775000000032e-06,-0.0321436676580381
1.528800000000032e-06,-0.04186072349478688
1.5288250000000321e-06,-0.052790084573542125
1.5288500000000324e-06,-0.06479340238759444
1.5288750000000324e-06,-0.077689025268936
1.5289000000000325e-06,-0.09125637532771749
1.5289250000000325e-06,-0.10524193929479855
1.5289500000000326e-06,-0.11936661260794583
1.5289750000000327e-06,-0.13333408008825795
1.529000000000033e-06,-0.14683987987810682
1.529025000000033e-06,-0.15958078693586353
1.529050000000033e-06,-0.1712641589867707
1.529075000000033e-06,-0.18161691285536422
1.5291000000000331e-06,-0.19039383528962447
1.5291250000000332e-06,-0.19738497547163977
1.5291500000000335e-06,-0.20242191306548615
1.5291750000000335e-06,-0.20538274009501822
1.5292000000000336e-06,-0.20619563840545463
1.5292250000000336e-06,-0.20484097291804215
1.5292500000000337e-06,-0.20135185623639582
1.5292750000000337e-06,-0.19581317350390864
1.529300000000034e-06,-0.18835908842631877
1.529325000000034e-06,-0.179169085189522
1.5293500000000341e-06,-0.16846263640703074
1.5293750000000342e-06,-0.1564926279279319
1.5294000000000342e-06,-0.1435377129385839
1.5294250000000345e-06,-0.12989381462248947
1.5294500000000345e-06,-0.11586504081876717
1.5294750000000346e-06,-0.10175431632408521
1.5295000000000347e-06,-0.08785407100015619
1.5295250000000347e-06,-0.07443734276462706
1.5295500000000348e-06,-0.061749656404919334
1.529575000000035e-06,-0.05000202207343908
1.529600000000035e-06,-0.039365355614204296
1.5296250000000351e-06,-0.029966561241905106
1.5296500000000352e-06,-0.02188643568671793
1.5296750000000352e-06,-0.015159459091218252
1.5297000000000353e-06,-0.009775437150790725
1.5297250000000356e-06,-0.005682861923366708
1.5297500000000356e-06,-0.002793769590397947
1.5297750000000357e-06,-0.0009898031568645012
1.5298000000000357e-06,-0.00012913770931663031
1.5298250000000358e-06,-5.389993121909198e-05
1.5298500000000358e-06,-0.0005977122055506958
1.5298750000000361e-06,-0.0015930106503526916
1.5299000000000362e-06,-0.002877824921288992
1.5299250000000362e-06,-0.004301757877795454
1.5299500000000363e-06,-0.005730963405723219
1.5299750000000363e-06,-0.007051982996022367
1.5300000000000364e-06,-0.008174365915321998
1.5300250000000367e-06,-0.009032056238645966
1.5300500000000367e-06,-0.009583586096446588
1.5300750000000368e-06,-0.00981116152694397
1.5301000000000368e-06,-0.009718768091239742
1.5301250000000369e-06,-0.009329455332975401
1.530150000000037e-06,-0.008681984345685293
1.5301750000000372e-06,-0.007827037000318024
1.5302000000000372e-06,-0.006823193727146133
1.5302250000000373e-06,-0.005732884610188594
1.5302500000000374e-06,-0.004618508233829516
1.5302750000000374e-06,-0.0035388951237835357
1.5303000000000375e-06,-0.002546265670073104
1.5303250000000377e-06,-0.0016838011093023159
1.5303500000000378e-06,-0.0009839082881192003
1.5303750000000378e-06,-0.00046721927140730044
1.530400000000038e-06,-0.00014232597507316666
1.530425000000038e-06,-6.211389964130975e-06
1.530450000000038e-06,-4.530336700544479e-05
1.5304750000000383e-06,-0.0002370483155845799
1.5305000000000383e-06,-0.0005518800942484706
1.5305250000000384e-06,-0.0009554457452666657
1.5305500000000384e-06,-0.0014109452765217608
1.5305750000000385e-06,-0.001881445679308032
1.5306000000000388e-06,-0.0023320405374058785
1.5306250000000388e-06,-0.0027317441588927084
1.5306500000000389e-06,-0.003055031186763383
1.530675000000039e-06,-0.0032829582218042138
1.530700000000039e-06,-0.0034038315337528743
1.530725000000039e-06,-0.003413412066836363
1.5307500000000393e-06,-0.0033146750132061887
1.5307750000000394e-06,-0.003117165227582422
1.5308000000000394e-06,-0.0028360090637907956
1.5308250000000395e-06,-0.0024906596604993775
1.5308500000000395e-06,-0.0021034626409782995
1.5308750000000396e-06,-0.001698135460304075
1.5309000000000398e-06,-0.001298252660996009
1.53092500000004e-06,-0.000925825324095895
1.53095000000004e-06,-0.0006000525759020868
1.53097500000004e-06,-0.0003363092663307187
1.53100000000004e-06,-0.0001454172670245728
1.5310250000000401e-06,-3.322891657809571e-05
1.5310500000000404e-06,-5.311511724144362e-07
1.5310750000000404e-06,-4.3259592142063546e-05
1.5311000000000405e-06,-0.00015299415618903704
1.5311250000000405e-06,-0.000317692202527641
1.5311500000000406e-06,-0.0005226033753943943
1.5311750000000407e-06,-0.0007513020520142239
1.531200000000041e-06,-0.0009867699887575073
1.531225000000041e-06,-0.0012124613649887094
1.531250000000041e-06,-0.00141328756762614
1.531275000000041e-06,-0.0015764664901961479
1.5313000000000411e-06,-0.0016921917660358671
1.5313250000000412e-06,-0.0017540907357271767
1.5313500000000415e-06,-0.001759452995757145
1.5313750000000415e-06,-0.0017092270398973996
1.5314000000000416e-06,-0.0016077947252104128
1.5314250000000416e-06,-0.0014625479772305053
1.5314500000000417e-06,-0.001283300836731424
1.5314750000000417e-06,-0.0010815800090987794
1.531500000000042e-06,-0.0008698414536043507
1.531525000000042e-06,-0.0006606634133904186
1.5315500000000421e-06,-0.00046596606604419887
1.5315750000000422e-06,-0.00029630343693515406
1.5316000000000422e-06,-0.0001602683707550399
1.5316250000000425e-06,-6.404172311356845e-05
1.5316500000000425e-06,-1.1107782602204555e-05
1.5316750000000426e-06,-2.1468777631218733e-06
1.5317000000000427e-06,-3.510446885401638e-05
1.5317250000000427e-06,-0.00010542563224860396
1.5317500000000428e-06,-0.0002064345138666586
1.531775000000043e-06,-0.0003298292717494931
1.531800000000043e-06,-0.0004662581874679165
1.5318250000000431e-06,-0.0006059380828228245
1.5318500000000432e-06,-0.0007392760369965329
1.5318750000000432e-06,-0.0008574556063192873
1.5319000000000433e-06,-0.0009529534976902896
1.5319250000000436e-06,-0.0010199571119812831
1.5319500000000436e-06,-0.0010546615965570153
1.5319750000000437e-06,-0.0010554321313961056
1.5320000000000437e-06,-0.0010228267871352633
1.5320250000000438e-06,-0.0009594830890331228
1.5320500000000438e-06,-0.00086988034077496
1.5320750000000441e-06,-0.0007599965974767308
1.5321000000000442e-06,-0.0006368847038226857
1.5321250000000442e-06,-0.0005081964993516922
1.5321500000000443e-06,-0.0003816859218189884
1.5321750000000443e-06,-0.0002647224739958658
1.5322000000000444e-06,-0.00016384482007119266
1.5322250000000447e-06,-8.438033698508982e-05
1.5322500000000447e-06,-3.015267364235942e-05
1.5322750000000448e-06,-3.2917234093524867e-06
1.5323000000000448e-06,-4.15548846243059e-06
1.5323250000000449e-06,-3.1364144749066865e-05
1.532350000000045e-06,-8.1941406650392e-05
1.5323750000000452e-06,-0.00015155054329846397
1.5324000000000452e-06,-0.00023480761504548908
1.5324250000000453e-06,-0.00032565021771870816
1.5324500000000454e-06,-0.0004177367305930069
1.5324750000000454e-06,-0.000504850921739403
1.5325000000000455e-06,-0.0005812861700304883
1.5325250000000457e-06,-0.0006421863971792039
1.5325500000000458e-06,-0.0006838238053215479
1.5325750000000458e-06,-0.0007037981484037247
1.532600000000046e-06,-0.0007011474678584012
1.532625000000046e-06,-0.0006763661241936405
1.5326500000000462e-06,-0.0006313316566903076
1.5326750000000463e-06,-0.0005691476313554198
1.5327000000000463e-06,-0.0004939145456691389
1.5327250000000464e-06,-0.00041044516102727415
1.5327500000000464e-06,-0.0003239433882177874
1.5327750000000465e-06,-0.000239667573619296
1.5328000000000468e-06,-0.00016259982111745618
1.5328250000000468e-06,-9.714129978954522e-05
1.5328500000000469e-06,-4.6852292310009766e-05
1.532875000000047e-06,-1.4251551053051832e-05
1.532900000000047e-06,-6.860404187519357e-07
1.532925000000047e-06,-6.277506604900392e-06
1.5329500000000473e-06,-2.9946656712105114e-05
1.5329750000000474e-06,-6.951199340748589e-05
1.5330000000000474e-06,-0.00012185480875000973
1.5330250000000475e-06,-0.00018313838458658391
1.5330500000000475e-06,-0.00024906635254679454
1.5330750000000476e-06,-0.00031516320758152275
1.5331000000000478e-06,-0.00037705874417090675
1.533125000000048e-06,-0.0004307586270637019
1.533150000000048e-06,-0.00047288480602411607
1.533175000000048e-06,-0.0005008712570555117
1.533200000000048e-06,-0.0005131043982400541
1.5332250000000481e-06,-0.0005090003454850073
1.5332500000000484e-06,-0.0004890161618811427
1.5332750000000484e-06,-0.00045459596811429806
1.5333000000000485e-06,-0.00040805657998882526
1.5333250000000485e-06,-0.0003524215816418674
1.5333500000000486e-06,-0.00029121525507975674
1.5333750000000487e-06,-0.00022823010356654166
1.533400000000049e-06,-0.0001672831893345635
1.533425000000049e-06,-0.00011197655896392823
1.533450000000049e-06,-6.547695335123909e-05
1.533475000000049e-06,-3.0327555728576227e-05
1.5335000000000491e-06,-8.30338531247068e-06
1.5335250000000492e-06,-3.1769922489965983e-07
1.5335500000000495e-06,-6.384878076562627e-06
1.5335750000000495e-06,-2.5639951303376415e-05
1.5336000000000496e-06,-5.6412939304736376e-05
1.5336250000000496e-06,-9.635178269939926e-05
1.5336500000000497e-06,-0.0001425850093516367
1.53367500000005e-06,-0.0001919134941500744
1.53370000000005e-06,-0.0002410180730343811
1.53372500000005e-06,-0.00028667021513076936
1.5337500000000501e-06,-0.00032593222487287176
1.5337750000000502e-06,-0.0003563348669401238
1.5338000000000502e-06,-0.0003760217362268393
1.5338250000000505e-06,-0.000383852101430489
1.5338500000000505e-06,-0.0003794568219243864
1.5338750000000506e-06,-0.0003632447053569939
1.5339000000000507e-06,-0.00033636016907232104
1.5339250000000507e-06,-0.0003005956303344018
1.5339500000000508e-06,-0.0002582653292869686
1.533975000000051e-06,-0.00021204920091560426
1.534000000000051e-06,-0.0001648169791652761
1.5340250000000511e-06,-0.00011944417197533857
1.5340500000000512e-06,-7.863155429129206e-05
1.5340750000000512e-06,-4.4739159889011366e-05
1.5341000000000513e-06,-1.9645232615974482e-05
1.5341250000000516e-06,-4.638149256587285e-06
1.5341500000000516e-06,-3.473978863155721e-07
1.5341750000000517e-06,-6.717542451899386e-06
1.5342000000000517e-06,-2.3025360626662956e-05
1.5342250000000518e-06,-4.793872422848688e-05
1.5342500000000518e-06,-7.961228668046136e-05
1.5342750000000521e-06,-0.00011581361781076716
1.5343000000000522e-06,-0.0001540710028337053
1.5343250000000522e-06,-0.00019183334718328663
1.5343500000000523e-06,-0.0002266319587305548
1.5343750000000523e-06,-0.00025623396221701817
1.5344000000000524e-06,-0.00027877797343281555
1.5344250000000527e-06,-0.00029288383197225007
1.5344500000000527e-06,-0.0002977301981452146
1.5344750000000528e-06,-0.0002930954614505451
1.5345000000000528e-06,-0.00027936047256880595
1.5345250000000529e-06,-0.0002574733213566628
1.534550000000053e-06,-0.00022887931701046812
1.5345750000000532e-06,-0.00019542100033776355
1.5346000000000532e-06,-0.0001592152012297376
1.5346250000000533e-06,-0.00012251509617631446
1.5346500000000534e-06,-8.756619203781707e-05
1.5346750000000534e-06,-5.646539695654307e-05
1.5347000000000537e-06,-3.103203600030374e-05
1.5347250000000537e-06,-1.2698444384099962e-05
1.5347500000000538e-06,-2.4267709041267484e-06
1.5347750000000538e-06,-6.568882833550863e-07
1.534800000000054e-06,-7.287804392758277e-06
1.534825000000054e-06,-2.1693269517205897e-05
1.5348500000000542e-06,-4.277030611812954e-05
1.5348750000000543e-06,-6.901642398530223e-05
1.5349000000000543e-06,-9.863078712176131e-05
1.5349250000000544e-06,-0.0001296321532960142
1.5349500000000544e-06,-0.00015998624525340042
1.5349750000000545e-06,-0.0001877340152233392
1.5350000000000548e-06,-0.00021111328105543231
1.5350250000000548e-06,-0.00022866570588318908
1.5350500000000549e-06,-0.00023932311166712157
1.535075000000055e-06,-0.0002424677603666483
1.535100000000055e-06,-0.0002379636055200767
1.535125000000055e-06,-0.00022615667273926163
1.5351500000000553e-06,-0.00020784547602001647
1.5351750000000554e-06,-0.0001842233701551155
1.5352000000000554e-06,-0.0001567974206530473
1.5352250000000555e-06,-0.00012728878721320617
1.5352500000000555e-06,-9.752138962957871e-05
1.5352750000000556e-06,-6.930603128118359e-05
1.5353000000000558e-06,-4.432724836295589e-05
1.535325000000056e-06,-2.403972838223556e-05
1.535350000000056e-06,-9.581117888101355e-06
1.535375000000056e-06,-1.705760491624919e-06
1.535400000000056e-06,-7.437712493313105e-07
1.5354250000000561e-06,-6.587121807538948e-06
1.5354500000000564e-06,-1.8703600314612866e-05
1.5354750000000564e-06,-3.617686429402825e-05
1.5355000000000565e-06,-5.777006769713563e-05
1.5355250000000565e-06,-8.200848494490906e-05
1.5355500000000566e-06,-0.00010727570533869697
1.5355750000000567e-06,-0.00013191711060707995
1.535600000000057e-06,-0.00015434416678355794
1.535625000000057e-06,-0.00017313296484036894
1.535650000000057e-06,-0.00018711069040575128
1.535675000000057e-06,-0.00019542530160779765
1.5357000000000571e-06,-0.00019759378063780044
1.5357250000000574e-06,-0.0001935267399196353
1.5357500000000575e-06,-0.00018352785966634468
1.5357750000000575e-06,-0.00016826876453049478
1.5358000000000576e-06,-0.00014874129731309312
1.5358250000000576e-06,-0.000126190462490977
1.5358500000000577e-06,-0.00010203248678578898
1.535875000000058e-06,-7.776349057725833e-05
1.535900000000058e-06,-5.486439265977283e-05
1.535925000000058e-06,-3.4708412529651485e-05
1.5359500000000581e-06,-1.847652441342887e-05
1.5359750000000582e-06,-7.086239227015573e-06
1.5360000000000582e-06,-1.138076770680736e-06
1.5360250000000585e-06,-8.825005789441369e-07
1.5360500000000585e-06,-6.20948729028062e-06
1.5360750000000586e-06,-1.6660655942609368e-05
1.5361000000000587e-06,-3.146306135347012e-05
1.5361250000000587e-06,-4.958241675362339e-05
1.5361500000000588e-06,-6.979159461978957e-05
1.536175000000059e-06,-9.075042956323729e-05
1.536200000000059e-06,-0.00011109144994509806
1.5362250000000591e-06,-0.00012950594540114783
1.5362500000000592e-06,-0.0001448252493826365
1.5362750000000592e-06,-0.00015609206224238858
1.5363000000000593e-06,-0.00016261747203801148
1.5363250000000596e-06,-0.00016402043051835734
1.5363500000000596e-06,-0.00016024737871856072
1.5363750000000597e-06,-0.00015157101036269841
1.5364000000000597e-06,-0.00013856879531783478
1.5364250000000598e-06,-0.0001220825377638151
1.5364500000000598e-06,-0.00010316204345153905
1.5364750000000601e-06,-8.2996476403712e-05
1.5365000000000602e-06,-6.283789177459133e-05
1.5365250000000602e-06,-4.392205073874533e-05
1.5365500000000603e-06,-2.7391065772350117e-05
1.5365750000000603e-06,-1.4223003907900539e-05
1.5366000000000604e-06,-5.172920825990636e-06
1.5366250000000607e-06,-7.282768018280547e-07
1.5366500000000607e-06,-1.0819727330392166e-06
1.5366750000000608e-06,-6.124059549647869e-06
1.5367000000000608e-06,-1.5452507348579815e-05
1.5367250000000609e-06,-2.8402136766220965e-05
1.536750000000061e-06,-4.408958540340088e-05
1.5367750000000612e-06,-6.147147208551622e-05
1.5368000000000612e-06,-7.941153480926805e-05
1.5368250000000613e-06,-9.675309307308414e-05
1.5368500000000614e-06,-0.0001123914616272034
1.5368750000000614e-06,-0.00012534246390355895
1.5369000000000617e-06,-0.00013480234301590117
1.5369250000000617e-06,-0.00014019575908759505
1.5369500000000618e-06,-0.00014120881877186336
1.5369750000000618e-06,-0.00013780542288887972
1.537000000000062e-06,-0.00013022596002288186
1.537025000000062e-06,-0.00011896885004396269
1.5370500000000622e-06,-0.00010475611295513542
1.5370750000000623e-06,-8.848549176861448e-05
1.5371000000000623e-06,-7.11721661346187e-05
1.5371250000000624e-06,-5.388383130754638e-05
1.5371500000000624e-06,-3.7673413834664924e-05
1.5371750000000625e-06,-2.3513461558258732e-05
1.5372000000000628e-06,-1.2236399061358996e-05
1.5372250000000628e-06,-4.48430194481523e-06
1.5372500000000629e-06,-6.71176195713672e-07
1.537275000000063e-06,-9.599921945539356e-07
1.537300000000063e-06,-5.255494566212826e-06
1.537325000000063e-06,-1.3213594542684021e-05
1.5373500000000633e-06,-2.4265763342648713e-05
1.5373750000000634e-06,-3.765742640554407e-05
1.5374000000000634e-06,-5.2497374624372806e-05
1.5374250000000635e-06,-6.781516953210186e-05
1.5374500000000635e-06,-8.262269266463494e-05
1.5374750000000636e-06,-9.597611597343287e-05
1.5375000000000638e-06,-0.00010703429624765467
1.537525000000064e-06,-0.00011511007461568933
1.537550000000064e-06,-0.00011971127739550302
1.537575000000064e-06,-0.00012056915401364085
1.537600000000064e-06,-0.00011765240349724554
1.5376250000000641e-06,-0.00011116623417356595
1.5376500000000644e-06,-0.00010153674500042754
1.5376750000000644e-06,-8.938159469686096e-05
1.5377000000000645e-06,-7.546912131348041e-05
1.5377250000000645e-06,-6.066861381030851e-05
1.5377500000000646e-06,-4.58946275843821e-05
1.5377750000000647e-06,-3.2049482331118335e-05
1.537800000000065e-06,-1.9966887847365084e-05
1.537825000000065e-06,-1.0360762233604647e-05
1.537850000000065e-06,-3.7819147299907796e-06
1.537875000000065e-06,-5.856007615312695e-07
1.5379000000000651e-06,-9.116287320619597e-07
1.5379250000000654e-06,-4.678038410905101e-06
1.5379500000000655e-06,-1.158884491395356e-05
1.5379750000000655e-06,-2.1155055883729403e-05
1.5380000000000656e-06,-3.27273123277699e-05
1.5380250000000656e-06,-4.5538472426386975e-05
1.5380500000000657e-06,-5.87528535812716e-05
1.538075000000066e-06,-7.151913378851261e-05
1.538100000000066e-06,-8.302386827865548e-05
1.538125000000066e-06,-9.254188731370223e-05
1.5381500000000661e-06,-9.948057277717233e-05
1.5381750000000662e-06,-0.00010341544762097562
1.5382000000000662e-06,-0.00010411486619117701
1.5382250000000665e-06,-0.00010155231315942964
1.5382500000000665e-06,-9.590592954889865e-05
1.5382750000000666e-06,-8.754502599641645e-05
1.5383000000000667e-06,-7.700503386147611e-05
1.5383250000000667e-06,-6.495226980021788e-05
1.5383500000000668e-06,-5.21409023338391e-05
1.538375000000067e-06,-3.936482653932969e-05
1.538400000000067e-06,-2.740788361157075e-05
1.5384250000000671e-06,-1.6994778879773226e-05
1.5384500000000672e-06,-8.746594884100341e-06
1.5384750000000673e-06,-3.143010002768757e-06
1.5385000000000673e-06,-4.939107675053508e-07
1.5385250000000676e-06,-9.216874628205309e-07
1.5385500000000676e-06,-4.355645555279712e-06
1.5385750000000677e-06,-1.053825841834782e-05
1.5386000000000677e-06,-1.9043228745806012e-05
1.5386250000000678e-06,-2.9303775599495667e-05
1.5386500000000678e-06,-4.0649337737565e-05
1.5386750000000681e-06,-5.2348460490854616e-05
1.5387000000000682e-06,-6.365499553472155e-05
1.5387250000000682e-06,-7.38546599792778e-05
1.5387500000000683e-06,-8.230932750312849e-05
1.5387750000000683e-06,-8.849583099065948e-05
1.5388000000000684e-06,-9.203748743338265e-05
1.5388250000000687e-06,-9.272600660033765e-05
1.5388500000000687e-06,-9.053276355891027e-05
1.5388750000000688e-06,-8.560871988823081e-05
1.5389000000000688e-06,-7.827330290560572e-05
1.5389250000000689e-06,-6.899269484493243e-05
1.5389500000000691e-06,-5.834940611565506e-05
1.5389750000000692e-06,-4.700488273498557e-05
1.5390000000000692e-06,-3.565748189975381e-05
1.5390250000000693e-06,-2.4998700333625233e-05
1.5390500000000694e-06,-1.5670252892722596e-05
1.5390750000000694e-06,-8.224570889845012e-06
1.5391000000000697e-06,-3.091447083930709e-06
1.5391250000000697e-06,-5.525143182670437e-07
1.5391500000000698e-06,-7.251799735843411e-07
1.5391750000000698e-06,-3.5570766779425166e-06
1.53920000000007e-06,-8.831002035839458e-06
1.53922500000007e-06,-1.618010168571059e-05
1.5392500000000702e-06,-2.5112199364967456e-05
1.5392750000000703e-06,-3.504175159953489e-05
1.5393000000000703e-06,-4.532713059511336e-05
1.5393250000000704e-06,-5.5311166871735186e-05
1.5393500000000704e-06,-6.436217886367947e-05
1.5393750000000705e-06,-7.191295379524936e-05
1.5394000000000708e-06,-7.74954950523048e-05
1.5394250000000708e-06,-8.076904069523216e-05
1.5394500000000709e-06,-8.154004019401086e-05
1.539475000000071e-06,-7.97727074861584e-05
1.539500000000071e-06,-7.558968792187867e-05
1.539525000000071e-06,-6.926283836874867e-05
1.5395500000000713e-06,-6.119490343648817e-05
1.5395750000000714e-06,-5.189301174692635e-05
1.5396000000000714e-06,-4.193629339594286e-05
1.5396250000000715e-06,-3.193900482802672e-05
1.5396500000000715e-06,-2.2511996987609466e-05
1.5396750000000716e-06,-1.4224787860732432e-05
1.5397000000000718e-06,-7.570464391366301e-06
1.539725000000072e-06,-2.935805920138096e-06
1.539750000000072e-06,-5.781126188870858e-07
1.539775000000072e-06,-6.106568132209891e-07
1.539800000000072e-06,-2.9968418658239093e-06
1.5398250000000721e-06,-7.553960681555022e-06
1.5398500000000724e-06,-1.3966022479665029e-05
1.5398750000000724e-06,-2.180455188552852e-05
1.5399000000000725e-06,-3.0556508499109475e-05
1.5399250000000725e-06,-3.965678050083338e-05
1.5399500000000726e-06,-4.852403476626957e-05
1.5399750000000729e-06,-5.659701317932563e-05
